feature,motif,motif_alt,width,top_mean,top_max,bg_mean,diff,p,q,jaspar_q,planttfdb_gene,planttfdb_family
21,MA2367.1,WIP5,13,10.014336585998535,14.316611289978027,9.234702110290527,0.7796344757080078,0.0037942531052976,0.3109304801253447,0.3109304801253447,,
94,MA2454.1,SPL8D1,10,9.805987358093262,13.804678916931152,8.837385177612305,0.968602180480957,0.0001816294534364,0.0716724068707645,0.0716724068707645,,SBP
106,MA0932.1,AHL12,8,10.468513488769531,11.512638092041016,9.531728744506836,0.9367847442626952,8.052810881054029e-05,0.0448066714038998,0.0448066714038998,,AT-hook
161,MA1732.1,E2FD,15,-1.4676669836044312,28.177122116088867,-4.073378086090088,2.605710983276367,0.0022053653374314,0.2530145980948649,0.2530145980948649,,
261,MA1695.2,ARF36,12,7.110710620880127,13.706949234008787,5.82611608505249,1.2845945358276367,0.0004434756119735,0.1184727436854129,0.1184727436854129,,
274,MA1813.2,EIL4,9,11.193940162658691,15.264053344726562,9.793634414672852,1.4003057479858398,0.0001065938267856,0.052257548017415,0.052257548017415,,
326,MA1013.1,GATA10,8,8.697185516357422,14.456294059753418,7.59990644454956,1.097279071807861,0.0050797495059669,0.3447702256748259,0.3447702256748259,,
376,MA2420.1,SBP6,8,10.116418838500977,14.824698448181152,9.02319049835205,1.0932283401489258,0.0004796236171387,0.1223116193653636,0.1223116193653636,,
433,MA2091.1,PK27109.1,8,9.018312454223633,14.198249816894531,7.384750843048096,1.633561611175537,7.398801244562492e-06,0.0109552884654055,0.0109552884654055,,
472,MA2009.2,NAC010,21,8.147063255310059,17.12051773071289,5.834794044494629,2.3122692108154297,1.4815813301538585e-05,0.0164941083054886,0.0164941083054886,,NAC
522,MA1355.2,TRB2,11,8.5299654006958,17.6061954498291,6.911930561065674,1.618034839630127,0.0054304981604218,0.3531139756978665,0.3531139756978665,,
712,MA1086.2,WRKY43,6,9.032093048095703,9.795639038085938,8.619662284851074,0.4124307632446289,0.0035452081356197,0.303713290085907,0.303713290085907,,WRKY
756,MA1403.1,BPC5,30,-20.00372886657715,58.6850700378418,-35.49623107910156,15.492502212524414,3.8255585366187006e-08,0.0005132624369963,0.0005132624369963,,BBR-BPC
793,MA1813.2,EIL4,9,10.676183700561523,15.264053344726562,9.793634414672852,0.8825492858886719,0.0136880995705723,0.4976738338898993,0.4976738338898993,,
813,MA2385.1,estExt_gwp_gw1.C_220046,4,5.966204643249512,7.108007907867432,5.376309394836426,0.5898952484130859,0.0024298278149217,0.2657624172570649,0.2657624172570649,,
860,MA1274.1,DOF3.6,21,17.347309112548828,26.164737701416016,14.466022491455078,2.88128662109375,6.124762421677588e-07,0.0027908115562927,0.0027908115562927,,Dof
870,MA1294.2,MYB62,9,9.733438491821287,13.505159378051758,8.710418701171875,1.023019790649414,0.0008877234067767,0.169554855462841,0.169554855462841,,MYB
894,MA1660.2,NAC013,19,7.774009227752685,20.371864318847656,5.716552734375,2.0574564933776855,0.0005359752685762,0.1295675949561311,0.1295675949561311,,NAC
939,MA1156.2,JKD,12,12.173412322998049,20.050884246826172,10.122178077697754,2.051234245300293,1.850189801189117e-05,0.0178016269716004,0.0178016269716004,,
963,MA2059.1,PK05432.1,6,8.884342193603516,9.457794189453123,8.579784393310547,0.3045578002929687,0.0013328084023669,0.2060648074082043,0.2060648074082043,,
976,MA1328.1,ZHD9,15,12.732386589050291,17.80039405822754,10.172255516052246,2.560131072998047,2.711684032874473e-07,0.0016832492159087,0.0016832492159087,,HD-ZIP
1027,MA0589.2,WRKY1,10,7.110640048980713,17.662870407104492,4.961027145385742,2.1496129035949707,6.883317837491632e-05,0.0402499093887222,0.0402499093887222,,WRKY
1034,MA2453.1,SPL8B,9,8.362027168273926,12.38266658782959,7.41377067565918,0.948256492614746,0.0020608403719961,0.2457742962158388,0.2457742962158388,,SBP
1061,MA1814.2,RIN,10,11.40268325805664,17.571489334106445,10.22225570678711,1.1804275512695312,0.0002859017113223,0.0935976292485583,0.0935976292485583,,
1159,MA1186.2,YAB4,11,10.86777687072754,16.002243041992188,9.886497497558594,0.9812793731689452,0.0019775067921727,0.2418111104376708,0.2418111104376708,,
1273,MA1221.1,RAP2-6,15,7.331096649169922,20.18615341186523,4.241250514984131,3.089846134185791,1.3874041542294435e-06,0.0045278122060325,0.0045278122060325,,
1457,MA1328.1,ZHD9,15,11.983031272888184,16.87906837463379,10.172255516052246,1.8107757568359375,0.0001045595563482,0.0519440092318629,0.0519440092318629,,HD-ZIP
1555,MA0590.1,LFY,19,3.258445978164673,10.381573677062988,1.7836464643478394,1.4747995138168335,0.00092245725682,0.1726925794744517,0.1726925794744517,,
1569,MA1677.2,NAC078,7,11.690439224243164,13.304373741149902,10.401788711547852,1.2886505126953125,7.897539035184309e-05,0.044461704960127,0.044461704960127,,NAC
1575,MA1054.2,ARALYDRAFT_897773,9,6.49550724029541,11.002283096313477,5.770850658416748,0.7246565818786621,0.0041623623110353,0.3215882021329596,0.3215882021329596,,
1782,MA1324.1,GATA20,8,8.795507431030273,14.51152229309082,7.161594867706299,1.6339125633239746,0.0002690020774025,0.0897858913174897,0.0897858913174897,,
1792,MA1256.2,RAP2-12,11,6.385499954223633,16.36789894104004,3.740830183029175,2.644669771194458,5.877463536307914e-06,0.009789016855299,0.009789016855299,,
1805,MA1077.2,WRKY18,6,9.787282943725586,11.098066329956056,8.692688941955566,1.0945940017700195,0.0004508182173594,0.1186204131954582,0.1186204131954582,,WRKY
1845,MA2411.1,ZmbZIP57,10,10.522156715393066,17.888229370117188,8.65365219116211,1.868504524230957,4.656946202885592e-06,0.0083307593184953,0.0083307593184953,,
1849,MA1682.2,TCX3,12,12.24761199951172,19.60305976867676,10.69643211364746,1.5511798858642578,0.0005924985161982,0.1368549192618149,0.1368549192618149,,
1869,MA1739.2,BHLH122,7,8.590058326721191,13.077798843383787,6.967076301574707,1.6229820251464844,0.0003168314869981,0.0992379878541601,0.0992379878541601,,
1885,MA1790.1,NAC073,15,10.020408630371094,15.796630859375,8.956916809082031,1.0634918212890625,0.004162669647485,0.3215882021329596,0.3215882021329596,,NAC
1926,MA2351.1,OsEIL3,8,10.800771713256836,13.65838623046875,9.16634750366211,1.6344242095947266,1.006621346277825e-06,0.0036283441063596,0.0036283441063596,,
1931,MA1324.1,GATA20,8,8.752948760986328,14.51152229309082,7.161594867706299,1.5913538932800293,0.0009686524281278,0.1758974998282562,0.1758974998282562,,
1948,MA1353.2,AT1G72740,11,11.827946662902832,18.750354766845703,7.38817834854126,4.439768314361572,1.468725088216161e-07,0.0010432267906005,0.0010432267906005,AT1G72740,MYB_related
1978,MA1681.2,SRM1,9,10.233911514282228,15.339802742004396,9.269872665405272,0.9640388488769532,0.0020181583240628,0.243692617630586,0.243692617630586,,
1989,MA1194.2,AT3G10580,14,11.20600128173828,16.59843635559082,10.032478332519531,1.17352294921875,0.0018087499774992,0.2333403416485406,0.2333403416485406,AT3G10580,MYB_related
2028,MA2031.2,AT5G04760,7,9.929365158081056,12.570441246032717,8.998562812805176,0.9308023452758788,0.0013518625637516,0.2076811763015398,0.2076811763015398,AT5G04760,MYB
2095,MA1354.1,AT4G12670,29,-11.7953519821167,52.90207290649414,-17.452245712280273,5.656893730163574,1.813198468880728e-05,0.0176567512191409,0.0176567512191409,,
2213,MA2031.2,AT5G04760,7,9.676735877990724,12.570441246032717,8.998562812805176,0.6781730651855469,0.0138915758579969,0.5003453496951918,0.5003453496951918,AT5G04760,MYB
2278,MA1043.2,NAC083,7,7.365490913391113,12.547142028808594,5.3697509765625,1.9957399368286133,8.659754530526698e-05,0.0465775215840133,0.0465775215840133,,NAC
2323,MA1173.2,MYB101,9,10.834327697753906,13.930216789245604,9.725006103515623,1.1093215942382812,3.5797997952613514e-06,0.0071448070293852,0.0071448070293852,,MYB
2389,MA1186.2,YAB4,11,10.636388778686523,14.489886283874512,9.886497497558594,0.7498912811279297,0.0074916067533195,0.3986886807964887,0.3986886807964887,,
2438,MA2048.2,NAC045,8,10.735716819763184,14.005046844482422,10.119330406188965,0.6163864135742188,0.0017981780692934,0.2332223435737808,0.2332223435737808,,NAC
2482,MA2452.1,SPL8A,9,8.578758239746094,13.139326095581056,7.699938297271728,0.8788199424743652,0.0021793527994304,0.2519785541467736,0.2519785541467736,,SBP
2497,MA0589.2,WRKY1,10,6.539759635925293,14.469389915466309,4.961027145385742,1.5787324905395508,0.0009296404314227,0.1731234821279116,0.1731234821279116,,WRKY
2503,MA1313.2,WRKY7,11,7.708635330200195,18.155384063720703,5.631864070892334,2.0767712593078613,0.0026255643460899,0.2745816299660403,0.2745816299660403,,WRKY
2513,MA1287.2,TCP21,11,5.0838165283203125,17.76382064819336,3.162105083465576,1.9217114448547363,0.0006882607121951,0.1484062160670873,0.1484062160670873,,
2598,MA1402.1,BPC6,21,7.863439559936523,28.593700408935547,1.0449917316436768,6.818448066711426,1.6783435057732277e-05,0.0169526058725826,0.0169526058725826,,BBR-BPC
2645,MA1004.2,ERF13,7,6.636378288269043,12.084684371948242,4.528728485107422,2.107649803161621,0.0003222621744498,0.1002916432083008,0.1002916432083008,,ERF
2667,MA1706.2,AT1G14600,8,10.186083793640137,12.166808128356934,9.763779640197754,0.4223041534423828,0.0079659800976514,0.4067830293654249,0.4067830293654249,AT1G14600,G2-like
2668,MA2434.1,SPL16A,11,6.964399337768555,13.93884563446045,5.811074733734131,1.1533246040344238,0.0010445666266605,0.1835984323533682,0.1835984323533682,,SBP
2672,MA2425.1,SPL11A,12,6.049647808074951,10.961036682128906,5.129079818725586,0.9205679893493652,0.0026831096038222,0.2764385346455957,0.2764385346455957,,SBP
2706,MA0580.1,DYT1,14,2.3712475299835205,13.829002380371094,0.2131579965353012,2.1580896377563477,0.0010478290496394,0.1836362231407228,0.1836362231407228,,
2721,MA1294.2,MYB62,9,9.74528694152832,13.505159378051758,8.710418701171875,1.034868240356445,0.0008158891578204,0.1628406872840075,0.1628406872840075,,MYB
2777,MA1198.2,HAT2,8,11.39752960205078,14.149298667907717,9.91440486907959,1.4831247329711914,0.0003431848599575,0.1038585760397836,0.1038585760397836,,
2787,MA2391.1,Lg3,7,9.051107406616213,11.24610424041748,8.488946914672852,0.5621604919433594,0.0226753950119018,0.5984248388410135,0.5984248388410135,,
2794,MA1815.2,GRF4,8,9.633586883544922,14.563743591308594,7.58900260925293,2.044584274291992,2.7729470275517087e-06,0.0063176104448465,0.0063176104448465,,GRF
2818,MA1046.1,NTL9,9,8.025040626525879,17.720956802368164,6.039104461669922,1.985936164855957,1.582319600856863e-05,0.0168153382930231,0.0168153382930231,,NAC
2892,MA2385.1,estExt_gwp_gw1.C_220046,4,5.855284214019775,7.108007907867432,5.376309394836426,0.4789748191833496,0.0099652195349335,0.4391363843669316,0.4391363843669316,,
2975,MA1357.2,bHLH80,9,7.898660182952881,15.264734268188477,5.90535306930542,1.993307113647461,0.0005056950612924,0.1261969614573869,0.1261969614573869,,
3006,MA1092.2,WRKY63,6,9.531986236572266,11.700323104858398,7.816532611846924,1.7154536247253418,4.01379911636468e-05,0.0289352981075244,0.0289352981075244,,WRKY
3076,MA1173.2,MYB101,9,10.196783065795898,13.930215835571287,9.725006103515623,0.4717769622802734,0.005782017018646,0.3623137285944497,0.3623137285944497,,MYB
3124,MA1092.2,WRKY63,6,9.05466651916504,11.700323104858398,7.816532611846924,1.2381339073181152,0.0011370897991582,0.1916395088746124,0.1916395088746124,,WRKY
3132,MA1734.1,AT1G19040,16,6.53378438949585,16.56926727294922,4.513911724090576,2.0198726654052734,0.0002645895874593,0.0890198300168123,0.0890198300168123,AT1G19040,NAC
3321,MA1761.2,HSFB3,12,10.612948417663574,15.940970420837402,9.300555229187012,1.3123931884765625,0.0004820514586754,0.1226716831086539,0.1226716831086539,,
3361,MA2385.1,estExt_gwp_gw1.C_220046,4,5.945742130279541,7.108007907867432,5.376309394836426,0.5694327354431152,0.0042505953460931,0.3230077961238208,0.3230077961238208,,
3368,MA1810.2,GLYMA-08G357600,9,8.664144515991211,12.665630340576172,7.357784748077393,1.3063597679138184,2.364947067690082e-05,0.020647837962131,0.020647837962131,,
3399,MA1092.2,WRKY63,6,9.350704193115234,11.700323104858398,7.816532611846924,1.5341715812683103,0.000221245092689,0.0809444676586793,0.0809444676586793,,WRKY
3402,MA2029.2,MYB88,9,6.880791664123535,13.7467041015625,5.055363178253174,1.825428485870361,4.890120544587262e-05,0.0328959362539783,0.0328959362539783,,MYB
3426,MA1086.2,WRKY43,6,9.017264366149902,9.795639038085938,8.619662284851074,0.3976020812988281,0.0014597529079765,0.2146320798654252,0.2146320798654252,,WRKY
3498,MA1774.2,MYB60,10,9.833983421325684,14.163305282592772,8.714984893798828,1.1189985275268557,0.0014960562111809,0.216614764404336,0.216614764404336,,MYB
3596,MA2452.1,SPL8A,9,8.608647346496582,16.10370445251465,7.699938297271728,0.9087090492248536,0.0051396968774497,0.3450947580276503,0.3450947580276503,,SBP
3610,MA2055.1,PK00315.1,8,8.75124454498291,12.63131046295166,8.0743989944458,0.6768455505371094,0.0023403246887028,0.2604681783570693,0.2604681783570693,,
3613,MA1354.1,AT4G12670,29,-14.766274452209473,3.265692710876465,-17.452245712280273,2.685971260070801,0.0087876608595252,0.4209553783725288,0.4209553783725288,,
3617,MA1403.1,BPC5,30,-18.85025405883789,38.4981575012207,-35.49623107910156,16.645977020263672,1.2075193622784752e-10,5.832318519805035e-06,5.832318519805035e-06,,BBR-BPC
3633,MA0565.3,FUS3,7,7.80289363861084,13.831615447998049,6.267855167388916,1.5350384712219238,0.0021715676411986,0.2519635438800137,0.2519635438800137,,
3719,MA2452.1,SPL8A,9,8.678394317626953,16.10370445251465,7.699938297271728,0.9784560203552246,0.009936342947185,0.4385372127504333,0.4385372127504333,,SBP
3749,MA2106.1,Zm00001d024644,8,9.465213775634766,14.125954627990724,8.675468444824219,0.7897453308105469,0.0029812899883836,0.2849576501116816,0.2849576501116816,,
3754,MA0565.3,FUS3,7,7.992983818054199,13.831615447998049,6.267855167388916,1.7251286506652832,0.0007965609547682,0.1604764373380106,0.1604764373380106,,
3765,MA1662.2,AT3G10030,8,10.692024230957031,14.735933303833008,9.014531135559082,1.6774930953979492,5.7044202549150214e-05,0.0360472629494343,0.0360472629494343,AT3G10030,Trihelix
3808,MA2055.1,PK00315.1,8,9.157149314880373,13.219295501708984,8.0743989944458,1.0827503204345703,0.0001128285148297,0.0532728924440562,0.0532728924440562,,
3829,MA2372.1,AZF1,9,10.423290252685549,12.481456756591797,9.749802589416504,0.673487663269043,0.0040429518558084,0.3179023765369493,0.3179023765369493,,
3855,MA1819.2,Zm00001d005892,8,7.624752044677734,14.69931411743164,4.878450393676758,2.746301651000977,3.197346359229414e-06,0.0066920402548184,0.0066920402548184,,
3885,MA1774.2,MYB60,10,10.182856559753418,15.467458724975586,8.714984893798828,1.4678716659545898,0.000317633152008,0.0992379878541601,0.0992379878541601,,MYB
3887,MA1020.1,GT-1,8,9.055322647094728,12.650238037109377,7.947624206542969,1.1076984405517578,0.0037137106992304,0.307957155944162,0.307957155944162,,
3903,MA1046.1,NTL9,9,8.007136344909668,17.720956802368164,6.039104461669922,1.968031883239746,7.037458271952346e-05,0.0407565029418822,0.0407565029418822,,NAC
3921,MA0563.2,SEP3,10,11.025486946105955,14.897475242614746,10.249390602111816,0.7760963439941406,0.0013580905506387,0.2079845834496864,0.2079845834496864,,
3936,MA2368.1,WRKY51,6,8.448782920837402,9.07622241973877,8.13502311706543,0.3137598037719726,0.0036115788388997,0.3054589574366652,0.3054589574366652,,WRKY
4027,MA1294.2,MYB62,9,9.811328887939451,13.505159378051758,8.710418701171875,1.100910186767578,0.0003921030729543,0.1110398512336907,0.1110398512336907,,MYB
4113,MA1186.2,YAB4,11,10.788954734802246,15.652472496032717,9.886497497558594,0.9024572372436525,0.0012644457165151,0.2015304438309685,0.2015304438309685,,
4114,MA2030.2,MYB96,11,9.411820411682127,15.732498168945312,8.256855010986328,1.1549654006958008,0.0008726283558644,0.1688619775170362,0.1688619775170362,,MYB
4208,MA2032.2,TRB1,9,10.410311698913574,15.85854434967041,9.172778129577637,1.2375335693359375,0.0020074169151484,0.24331631751633,0.24331631751633,,
4250,MA1827.2,Zm00001d044785,7,9.62433910369873,12.60478973388672,8.847419738769531,0.7769193649291992,6.0882000980200246e-05,0.037507661318159,0.037507661318159,,
4268,MA0564.2,ABI3,6,7.407959461212158,11.297640800476074,6.466146469116211,0.9418129920959472,0.0001338903821306,0.0595168688933507,0.0595168688933507,,
4285,MA2024.2,MYB63,11,8.685428619384766,14.664936065673828,7.599618911743164,1.0858097076416016,0.0005973711959086,0.1371361180188704,0.1371361180188704,,MYB
4332,MA1339.1,BZIP43,12,0.333160251379013,14.28311538696289,-1.3525540828704834,1.6857143640518188,0.0028132051229476,0.2801655520464188,0.2801655520464188,,
4445,MA1403.1,BPC5,30,-29.520753860473633,6.610294342041016,-35.49623107910156,5.97547721862793,0.0002206511999247,0.0809444676586793,0.0809444676586793,,BBR-BPC
4460,MA2021.2,LBD13,8,8.853795051574707,13.758123397827148,7.530426502227783,1.3233685493469238,0.000539060565643,0.1300530735292582,0.1300530735292582,,
4497,MA0940.1,AP1,13,13.450977325439451,18.20366859436035,11.957504272460938,1.4934730529785156,3.657395609479863e-06,0.0071809840625153,0.0071809840625153,,
4572,MA0581.2,LEC2,6,8.018150329589844,11.244871139526367,6.89823579788208,1.1199145317077637,0.0085582686588168,0.4183003199968145,0.4183003199968145,,B3
4601,MA1354.1,AT4G12670,29,-13.91645622253418,3.129884719848633,-17.452245712280273,3.5357894897460938,0.0002273326972499,0.0823101145215332,0.0823101145215332,,
4659,MA1092.2,WRKY63,6,9.17538070678711,11.700323104858398,7.816532611846924,1.3588480949401855,0.000464423559606,0.120231068561713,0.120231068561713,,WRKY
4661,MA2404.1,OsTRBF3,7,9.287469863891602,10.54140567779541,8.714409828186035,0.5730600357055664,0.0076266964897513,0.4008164025682654,0.4008164025682654,,
4687,MA2032.2,TRB1,9,10.736109733581545,15.85854434967041,9.172778129577637,1.5633316040039062,0.0003175639139954,0.0992379878541601,0.0992379878541601,,
4704,MA1659.2,ABF4,7,8.132076263427734,12.499859809875488,7.454160213470459,0.6779160499572754,0.0035756516736,0.3042127258262374,0.3042127258262374,,
4768,MA1092.2,WRKY63,6,9.542723655700684,11.700323104858398,7.816532611846924,1.7261910438537598,4.519831418292597e-05,0.0311868367862189,0.0311868367862189,,WRKY
4777,MA1769.2,MYB39,12,9.985071182250977,17.255203247070312,8.566396713256836,1.4186744689941406,0.000531566212885,0.1290183320721077,0.1290183320721077,,MYB
4799,MA1267.2,DOF5.8,19,17.057470321655273,23.010831832885746,13.414427757263184,3.64304256439209,1.4411792072233087e-11,1.7402238927221453e-06,1.7402238927221453e-06,,Dof
4808,MA1281.2,DOF5.1,19,15.493402481079102,22.098621368408203,13.389892578125,2.1035099029541016,0.0003760267863981,0.1086249628171667,0.1086249628171667,,Dof
4876,MA1294.2,MYB62,9,9.671133995056152,13.505159378051758,8.710418701171875,0.9607152938842772,0.0014333109138533,0.2131120877412076,0.2131120877412076,,MYB
4959,MA1054.2,ARALYDRAFT_897773,9,6.842700958251953,15.283028602600098,5.770850658416748,1.071850299835205,0.0097282947972416,0.435739051424136,0.435739051424136,,
4986,MA1205.1,AGL6,19,10.878840446472168,23.7076473236084,8.53646183013916,2.342378616333008,0.0001248979242518,0.0576727508734662,0.0576727508734662,,
5003,MA1734.1,AT1G19040,16,6.043607234954834,15.904086112976074,4.513911724090576,1.5296955108642578,0.00157525180839,0.2213050097301862,0.2213050097301862,AT1G19040,NAC
5026,MA0933.1,AHL20,8,11.462723731994627,13.144827842712402,9.982939720153809,1.4797840118408203,8.666475537211228e-08,0.0007751680897172,0.0007751680897172,,AT-hook
5062,MA1810.2,GLYMA-08G357600,9,8.007111549377441,12.665630340576172,7.357784748077393,0.6493268013000488,0.0232206583023071,0.6036526291952965,0.6036526291952965,,
5096,MA1193.2,AT2G38090,13,11.064743995666504,16.75855827331543,9.619430541992188,1.4453134536743164,0.00033041703864,0.1015138881406161,0.1015138881406161,AT2G38090,MYB
5119,MA1046.1,NTL9,9,7.048287391662598,11.255707740783691,6.039104461669922,1.0091829299926758,0.0056908805854618,0.3598226381668751,0.3598226381668751,,NAC
5121,MA1186.2,YAB4,11,10.851587295532228,15.788039207458496,9.886497497558594,0.9650897979736328,0.0025216182693839,0.269456111529298,0.269456111529298,,
5142,MA0581.2,LEC2,6,9.654176712036133,11.244871139526367,6.89823579788208,2.7559409141540527,2.9605129725496226e-07,0.0017438143484652,0.0017438143484652,,B3
5145,MA1404.1,BPC1,24,12.265522003173828,40.654300689697266,3.043351650238037,9.222169876098633,5.533575819782754e-09,0.0001027968123444,0.0001027968123444,,BBR-BPC
5146,MA1677.2,NAC078,7,11.3326997756958,13.304373741149902,10.401788711547852,0.9309110641479492,0.0031146754045039,0.2897511980692226,0.2897511980692226,,NAC
5191,MA1354.1,AT4G12670,29,-14.586081504821776,1.3773229122161863,-17.452245712280273,2.866164207458496,0.0005659030284732,0.1338546340610105,0.1338546340610105,,
5219,MA1086.2,WRKY43,6,8.900001525878906,9.795639038085938,8.619662284851074,0.280339241027832,0.0016904430231079,0.2277194692466694,0.2277194692466694,,WRKY
5248,MA2065.1,PK08602.1,8,4.527019500732422,14.483522415161133,3.387247085571289,1.1397724151611328,0.010498883202672,0.4491314892780728,0.4491314892780728,,
5284,MA2366.1,VOZ2,4,6.915021896362305,7.124719142913818,6.737390518188477,0.1776313781738281,0.0016212920891121,0.2245080501838147,0.2245080501838147,,
5333,MA1403.1,BPC5,30,-20.32703399658203,31.680564880371097,-35.49623107910156,15.169197082519531,1.2720184372483345e-07,0.0010209103797181,0.0010209103797181,,BBR-BPC
5341,MA2031.2,AT5G04760,7,9.850019454956056,12.570441246032717,8.998562812805176,0.8514566421508789,0.0053786444477736,0.3514254371483712,0.3514254371483712,AT5G04760,MYB
5361,MA2059.1,PK05432.1,6,8.881963729858398,9.457794189453123,8.579784393310547,0.3021793365478515,0.0053947204723954,0.3518295960257883,0.3518295960257883,,
5363,MA2072.1,PK16335.1,8,9.506975173950195,13.967182159423828,7.914687156677246,1.5922880172729492,4.721506172700174e-07,0.0024260505121427,0.0024260505121427,,
5371,MA2005.2,NAC016,15,6.9750895500183105,16.36180877685547,5.160761833190918,1.8143277168273928,0.0004252764920238,0.1157618710330394,0.1157618710330394,,NAC
5373,MA2032.2,TRB1,9,10.585016250610352,15.85854434967041,9.172778129577637,1.4122381210327148,0.0049015190452337,0.3401962496292103,0.3401962496292103,,
5396,MA1810.2,GLYMA-08G357600,9,8.796380996704102,16.144437789916992,7.357784748077393,1.438596248626709,0.0002001942630158,0.0769647990334003,0.0769647990334003,,
5523,MA2013.2,ERF115,11,7.831971645355225,18.012346267700195,4.369565486907959,3.4624061584472656,7.448189620617995e-08,0.0007694045076953,0.0007694045076953,,ERF
5614,MA1312.2,WRKY47,9,8.750832557678223,15.09657859802246,7.406155109405518,1.344677448272705,0.0033489102497696,0.2958163223552961,0.2958163223552961,,WRKY
5617,MA2391.1,Lg3,7,9.042911529541016,11.24610424041748,8.488946914672852,0.5539646148681641,0.002778579480946,0.2789059905064798,0.2789059905064798,,
5642,MA1819.2,Zm00001d005892,8,7.103154182434082,14.69931411743164,4.878450393676758,2.224703788757324,0.0001066597833414,0.052257548017415,0.052257548017415,,
5659,MA2454.1,SPL8D1,10,9.485620498657228,13.531928062438965,8.837385177612305,0.6482353210449219,0.0038954091724008,0.3149452009155677,0.3149452009155677,,SBP
5714,MA2035.2,NAC075,20,8.340910911560059,15.525276184082031,6.6153035163879395,1.7256073951721191,0.0001652531645959,0.0669608041105968,0.0669608041105968,,NAC
5718,MA0581.2,LEC2,6,8.158629417419434,11.244871139526367,6.89823579788208,1.2603936195373535,0.0045493799261748,0.3315605122893375,0.3315605122893375,,B3
5743,MA1781.2,MYB94,10,9.540138244628906,14.53869342803955,8.410086631774902,1.130051612854004,0.0031481778714805,0.2909640064932953,0.2909640064932953,,MYB
5983,MA2376.1,CAMTA5,16,7.2834272384643555,14.692481994628906,6.476200580596924,0.8072266578674316,0.008163733407855,0.4109947087756912,0.4109947087756912,,
6016,MA1734.1,AT1G19040,16,6.935258865356445,21.275325775146484,4.513911724090576,2.421347141265869,4.443237412488088e-05,0.0308059348274381,0.0308059348274381,AT1G19040,NAC
6024,MA1323.2,GATA19,9,9.520565032958984,14.842605590820312,8.201345443725586,1.3192195892333984,0.00070042029256,0.1498241812694798,0.1498241812694798,,
6049,MA1219.3,ERF011,7,7.847003936767578,13.385568618774414,6.4455790519714355,1.4014248847961426,7.782765896990895e-05,0.0442244226852541,0.0442244226852541,,ERF
6083,MA2448.1,SPL5D,14,3.78445029258728,10.942036628723145,2.457129716873169,1.327320575714111,0.0007131870370358,0.1508184496008329,0.1508184496008329,,SBP
6137,MA1695.2,ARF36,12,7.043677806854248,14.962028503417969,5.82611608505249,1.2175617218017578,0.0006032741512171,0.1377064682530098,0.1377064682530098,,
6166,MA1402.1,BPC6,21,5.733081817626953,29.74378204345703,1.0449917316436768,4.6880903244018555,4.224842268740758e-05,0.0297463384227665,0.0297463384227665,,BBR-BPC
6240,MA2024.2,MYB63,11,8.708126068115234,16.420616149902344,7.599618911743164,1.1085071563720703,0.002991393674165,0.2850913860737372,0.2850913860737372,,MYB
6370,MA2418.1,IG1,9,7.8332953453063965,15.944165229797363,5.509018421173096,2.324276924133301,5.380815764510771e-06,0.0093043131300873,0.0093043131300873,,
6386,MA2045.2,NAC031,19,8.418529510498047,16.913436889648438,6.695103645324707,1.7234258651733398,0.000220263536903,0.0809444676586793,0.0809444676586793,,NAC
6418,MA1797.1,RAV2,8,9.3533353805542,14.286747932434082,8.260808944702148,1.0925264358520508,0.0154586806893348,0.5203001962329906,0.5203001962329906,,
6550,MA1067.1,TCP5,8,4.423006534576416,15.482037544250488,2.4405908584594727,1.9824156761169431,0.0004142176767345,0.1138038326864553,0.1138038326864553,,
6636,MA1803.2,VIP1,10,7.609902858734131,14.229113578796388,5.499288082122803,2.110614776611328,2.295854210387915e-05,0.0203094795534315,0.0203094795534315,,
6710,MA1354.1,AT4G12670,29,-13.20718002319336,23.94603729248047,-17.452245712280273,4.245065689086914,0.0001331064122496,0.0594972963304202,0.0594972963304202,,
6858,MA0584.2,SEP1,13,9.780146598815918,15.880548477172852,8.446359634399414,1.333786964416504,0.0011868569999933,0.1960505919961613,0.1960505919961613,,
6964,MA1054.2,ARALYDRAFT_897773,9,7.152221202850342,15.283028602600098,5.770850658416748,1.3813705444335938,0.0003236729826312,0.100398532946823,0.100398532946823,,
6977,MA1789.1,NAC071,15,9.426441192626951,15.623332977294922,7.827690124511719,1.5987510681152344,0.0003785821900237,0.1091021466476516,0.1091021466476516,,NAC
6980,MA1815.2,GRF4,8,9.27928352355957,14.563743591308594,7.58900260925293,1.6902809143066406,7.439616183546605e-06,0.0109552884654055,0.0109552884654055,,GRF
7061,MA1695.2,ARF36,12,6.828783988952637,13.706949234008787,5.82611608505249,1.0026679039001465,0.0042845541611313,0.323692928465483,0.323692928465483,,
7063,MA1086.2,WRKY43,6,9.178890228271484,9.795639038085938,8.619662284851074,0.5592279434204102,1.522032471257262e-05,0.0164941083054886,0.0164941083054886,,WRKY
7064,MA1299.2,WRKY17,10,8.74090576171875,15.928088188171388,7.495606422424316,1.2452993392944336,0.010059236548841,0.4416116390738231,0.4416116390738231,,WRKY
7065,MA1161.1,TSO1,15,12.77158546447754,20.13628387451172,10.127226829528809,2.6443586349487305,4.354905740910908e-06,0.0080363044916835,0.0080363044916835,,
7108,MA2362.1,TEIL,8,9.989742279052734,12.503535270690918,9.264946937561035,0.7247953414916992,0.000174825778231,0.0695710417351768,0.0695710417351768,,
7140,MA2420.1,SBP6,8,9.985111236572266,14.824698448181152,9.02319049835205,0.9619207382202148,0.0048757749609649,0.339399494421306,0.339399494421306,,
7200,MA0978.1,DREB1E,8,6.059238910675049,15.235946655273438,4.717734336853027,1.3415045738220217,0.0020488512236624,0.2452032587660307,0.2452032587660307,,
7213,MA1354.1,AT4G12670,29,-13.413884162902832,5.1394548416137695,-17.452245712280273,4.038361549377441,3.231857408536598e-05,0.0257146428173282,0.0257146428173282,,
7235,MA1328.1,ZHD9,15,11.746230125427246,17.259445190429688,10.172255516052246,1.573974609375,0.000546685711015,0.1309767849306808,0.1309767849306808,,HD-ZIP
7286,MA1294.2,MYB62,9,9.71957778930664,13.505159378051758,8.710418701171875,1.0091590881347656,0.0009577512391842,0.1749598519387337,0.1749598519387337,,MYB
7292,MA0564.2,ABI3,6,7.441805839538574,11.297640800476074,6.466146469116211,0.9756593704223632,0.0013822264736518,0.2092838203052765,0.2092838203052765,,
7311,MA1312.2,WRKY47,9,8.952716827392578,15.09657859802246,7.406155109405518,1.5465617179870603,0.0005749396514147,0.1345425637758358,0.1345425637758358,,WRKY
7321,MA1768.2,MYB30,12,9.815762519836426,15.83122444152832,9.013853073120115,0.8019094467163086,0.0060562598519027,0.3675769737281034,0.3675769737281034,,MYB
7363,MA1404.1,BPC1,24,11.764130592346191,43.23699188232422,3.043351650238037,8.720779418945312,2.383158289376297e-06,0.0058727829273915,0.0058727829273915,,BBR-BPC
7390,MA1773.2,MYB51,11,10.19154167175293,14.88821792602539,8.683095932006836,1.5084457397460938,0.0001343173498753,0.0595168897825383,0.0595168897825383,,MYB
7439,MA1748.2,DREB1F,6,8.431936264038086,10.811126708984377,7.027339935302734,1.4045963287353516,9.605209197616205e-05,0.0498248068866861,0.0498248068866861,,
7480,MA1734.1,AT1G19040,16,6.095775127410889,13.683794021606444,4.513911724090576,1.5818634033203125,0.0019340503495186,0.2401404418554013,0.2401404418554013,AT1G19040,NAC
7491,MA2059.1,PK05432.1,6,8.817599296569824,9.457794189453123,8.579784393310547,0.2378149032592773,0.0040902942419052,0.3196783363819122,0.3196783363819122,,
7572,MA1292.2,MYB27,12,5.852919101715088,17.21923828125,4.342872142791748,1.5100469589233398,0.0070222890935838,0.3893211239900122,0.3893211239900122,,MYB
7603,MA1404.1,BPC1,24,7.141738414764404,29.260639190673828,3.043351650238037,4.098386764526367,1.9346947738085873e-05,0.0181801084776176,0.0181801084776176,,BBR-BPC
7652,MA1020.1,GT-1,8,9.323456764221191,14.343488693237305,7.947624206542969,1.3758325576782229,0.0002292466524522,0.0827549574995881,0.0827549574995881,,
7662,MA1222.1,ERF014,15,7.094907760620117,16.058265686035156,4.849855899810791,2.245051860809326,0.0001507923589088,0.0631132663370463,0.0631132663370463,,ERF
7756,MA1062.3,TCP15,11,3.570150375366211,19.171785354614254,2.216891050338745,1.3532593250274658,0.0075400886125862,0.399504612971606,0.399504612971606,,
7757,MA2439.1,SPL2A,13,2.564521074295044,12.231943130493164,1.4074865579605105,1.1570345163345337,0.0050578378140926,0.3442694002546143,0.3442694002546143,,SBP
7767,MA2454.1,SPL8D1,10,9.836747169494627,13.26958465576172,8.837385177612305,0.9993619918823242,0.0002152601955458,0.080357524793965,0.080357524793965,,SBP
7981,MA1356.1,TRP2,21,2.8170394897460938,12.161842346191406,-0.4776671528816223,3.2947065830230713,7.430181085510412e-06,0.0109552884654055,0.0109552884654055,,
8082,MA2368.1,WRKY51,6,8.58273696899414,9.07622241973877,8.13502311706543,0.4477138519287109,0.0002124184829881,0.0797808143726845,0.0797808143726845,,WRKY
8083,MA1086.2,WRKY43,6,8.957172393798828,9.795639038085938,8.619662284851074,0.3375101089477539,0.0015934401890262,0.2224451021543111,0.2224451021543111,,WRKY
8089,MA1281.2,DOF5.1,19,15.985886573791504,25.152658462524418,13.389892578125,2.595993995666504,1.5435480236192234e-05,0.0164941083054886,0.0164941083054886,,Dof
8111,MA2419.1,UB3,10,10.057817459106444,15.586047172546388,9.044516563415527,1.013300895690918,0.0007992681348696,0.1604764373380106,0.1604764373380106,,
8176,MA2068.1,PK10344.1,8,5.964442253112793,15.08591365814209,3.512883186340332,2.451559066772461,9.253218013327567e-05,0.0486931296073439,0.0486931296073439,,
8186,MA0934.1,AHL25,8,10.747954368591309,12.724316596984863,9.511049270629885,1.2369050979614258,2.114261224051006e-05,0.0192677013437101,0.0192677013437101,,AT-hook
8200,MA1294.2,MYB62,9,9.739334106445312,13.505159378051758,8.710418701171875,1.0289154052734375,0.0008626875933259,0.1675374542027592,0.1675374542027592,,MYB
8210,MA1409.2,OsRR22,9,9.160599708557127,14.70713233947754,8.175909042358398,0.9846906661987304,0.0009133413550443,0.1717888843703353,0.1717888843703353,,
8219,MA1046.1,NTL9,9,7.342706680297852,17.720956802368164,6.039104461669922,1.3036022186279297,0.0024408902972936,0.2661286712399185,0.2661286712399185,,NAC
8264,MA2449.1,SPL6A,11,6.492748260498047,11.652265548706056,5.382084369659424,1.110663890838623,0.000624320236966,0.1406467698015787,0.1406467698015787,,SBP
8292,MA2018.2,NAC69,8,9.952794075012209,14.505281448364258,9.101751327514648,0.8510427474975586,0.0020150819327682,0.2435432549467261,0.2435432549467261,,NAC
8301,MA1030.2,P0510F09.23,7,9.441817283630373,10.529123306274414,8.70754337310791,0.7342739105224609,0.001625403179787,0.2246186714619398,0.2246186714619398,,
8306,MA1354.1,AT4G12670,29,-11.373614311218262,45.39691162109375,-17.452245712280273,6.078631401062012,0.0046002026647329,0.3323214232527118,0.3323214232527118,,
8346,MA1392.3,MYB98,8,7.588603973388672,13.879738807678224,6.603697299957275,0.9849066734313964,0.0066585205495357,0.3815997216667742,0.3815997216667742,,MYB
8396,MA1170.2,MYB118,12,7.535528659820557,16.15593719482422,5.747767448425293,1.7877612113952637,0.0004562567628454,0.1193781237564183,0.1193781237564183,,MYB
8415,MA1744.2,BZIP30,9,8.637187957763672,13.303885459899902,7.9438557624816895,0.6933321952819824,0.0018576954025775,0.2355262963174562,0.2355262963174562,,
8450,MA2021.2,LBD13,8,8.767607688903809,12.303436279296877,7.530426502227783,1.2371811866760254,0.0003992232668679,0.1122160635510903,0.1122160635510903,,
8506,MA1046.1,NTL9,9,7.235279560089111,11.255707740783691,6.039104461669922,1.1961750984191897,0.0066266930662095,0.3810080215117635,0.3810080215117635,,NAC
8573,MA1291.1,TCP7,11,3.207111120223999,18.82518768310547,1.420984387397766,1.786126732826233,0.002781179966405,0.2789059905064798,0.2789059905064798,,
8609,MA2032.2,TRB1,9,10.209491729736328,15.85854434967041,9.172778129577637,1.0367136001586914,0.0027940790168941,0.2795236464705574,0.2795236464705574,,
8630,MA1046.1,NTL9,9,7.824117660522461,17.720956802368164,6.039104461669922,1.785013198852539,0.0003087155637331,0.0980807170258105,0.0980807170258105,,NAC
8715,MA1092.2,WRKY63,6,8.901999473571777,11.700323104858398,7.816532611846924,1.0854668617248535,0.0076411846093833,0.4009878494493867,0.4009878494493867,,WRKY
8781,MA1092.2,WRKY63,6,9.182928085327148,11.700323104858398,7.816532611846924,1.3663954734802246,0.0016296403482556,0.2247619326691808,0.2247619326691808,,WRKY
8872,MA0581.2,LEC2,6,8.7022705078125,11.244871139526367,6.89823579788208,1.80403470993042,0.0002215498680016,0.0809444676586793,0.0809444676586793,,B3
8927,MA1092.2,WRKY63,6,9.274593353271484,11.700323104858398,7.816532611846924,1.4580607414245603,0.0002832222380675,0.0932081362228759,0.0932081362228759,,WRKY
8963,MA1426.2,MYB124,7,7.006657600402832,10.987927436828612,6.39945125579834,0.6072063446044922,0.0111910095438361,0.4603353440361816,0.4603353440361816,,MYB
8986,MA1734.1,AT1G19040,16,6.106062412261963,20.362226486206055,4.513911724090576,1.5921506881713867,0.0037995122838765,0.3109394159797302,0.3109394159797302,AT1G19040,NAC
8994,MA2043.2,NAC004,7,11.45040798187256,13.057305335998535,10.435553550720217,1.0148544311523438,0.0001407623203704,0.0608123441314039,0.0608123441314039,,NAC
9043,MA2015.2,NAC002,8,8.852334976196289,14.24921703338623,7.976841449737549,0.8754935264587402,0.0027937025297433,0.2795236464705574,0.2795236464705574,,NAC
9046,MA1282.2,TCP13,11,3.3689217567443848,14.741997718811035,0.574913501739502,2.794008255004883,1.6343950846930966e-05,0.0169526058725826,0.0169526058725826,,
9077,MA1294.2,MYB62,9,9.71957778930664,13.505159378051758,8.710418701171875,1.0091590881347656,0.0009577512391842,0.1749598519387337,0.1749598519387337,,MYB
9112,MA2392.1,GRMZM2G135447,7,9.376455307006836,11.373798370361328,8.500006675720215,0.8764486312866211,0.0003325185971334,0.1017785059667047,0.1017785059667047,,
9129,MA2411.1,ZmbZIP57,10,9.78725242614746,15.255712509155272,8.65365219116211,1.1336002349853516,0.0017344414955005,0.2302735685340142,0.2302735685340142,,
9138,MA1734.1,AT1G19040,16,6.158702850341797,15.532504081726074,4.513911724090576,1.6447911262512207,0.0043377326801419,0.3248828905093115,0.3248828905093115,AT1G19040,NAC
9180,MA1054.2,ARALYDRAFT_897773,9,6.998020172119141,15.283028602600098,5.770850658416748,1.2271695137023926,0.0007108105928637,0.1508184496008329,0.1508184496008329,,
9198,MA2015.2,NAC002,8,8.909075736999512,14.24921703338623,7.976841449737549,0.9322342872619628,0.0003383411676622,0.1032499618194739,0.1032499618194739,,NAC
9235,MA1089.2,WRKY57,6,9.56161403656006,10.11983871459961,8.98685073852539,0.574763298034668,0.0012100841850042,0.1977331769646997,0.1977331769646997,,WRKY
9253,MA1257.2,ERF9,19,7.467526912689209,20.863924026489254,5.170653343200684,2.2968735694885254,0.0003106617659796,0.0983287240944614,0.0983287240944614,,ERF
9288,MA2366.1,VOZ2,4,6.957639217376709,7.124719142913818,6.737390518188477,0.2202486991882324,0.0013921991921961,0.2105298089639108,0.2105298089639108,,
9310,MA2005.2,NAC016,15,7.648276805877685,15.372294425964355,5.160761833190918,2.4875149726867676,9.914248948916791e-06,0.0133016173397966,0.0133016173397966,,NAC
9429,MA1404.1,BPC1,24,7.985028266906738,33.34980392456055,3.043351650238037,4.941676616668701,0.0004764735640492,0.1219373964138494,0.1219373964138494,,BBR-BPC
9491,MA2052.2,ZAT6,8,10.922659873962402,14.611624717712402,9.876296043395996,1.0463638305664062,0.0002665710926521,0.0895367439158496,0.0895367439158496,,
9494,MA2029.2,MYB88,9,6.595506191253662,13.7467041015625,5.055363178253174,1.5401430130004885,0.0006681657978333,0.1460289956350722,0.1460289956350722,,MYB
9549,MA0932.1,AHL12,8,10.191179275512695,11.512638092041016,9.531728744506836,0.6594505310058594,0.0016959295608103,0.2279183138371795,0.2279183138371795,,AT-hook
9562,MA1404.1,BPC1,24,9.289254188537598,35.74781036376953,3.043351650238037,6.2459025382995605,9.09810569282854e-06,0.0126275432460809,0.0126275432460809,,BBR-BPC
9604,MA1767.2,MYB23,6,11.054078102111816,11.191122055053713,9.919357299804688,1.134720802307129,6.672869494650513e-05,0.0394406298168765,0.0394406298168765,,MYB
9640,MA1294.2,MYB62,9,9.61142921447754,13.931384086608888,8.710418701171875,0.901010513305664,0.0041787498630583,0.3220795045458802,0.3220795045458802,,MYB
9940,MA1776.2,MYB67,8,9.838678359985352,13.387612342834473,8.442787170410156,1.395891189575195,0.0004724035097751,0.1212690621191352,0.1212690621191352,,MYB
10036,MA2452.1,SPL8A,9,8.745950698852539,16.10370445251465,7.699938297271728,1.0460124015808103,0.0023242791648954,0.2597472521621684,0.2597472521621684,,SBP
10066,MA1091.1,WRKY62,8,8.985200881958008,14.52709674835205,7.145734786987305,1.8394660949707031,0.0001974841870833,0.0762163746081807,0.0762163746081807,,WRKY
10071,MA1092.2,WRKY63,6,9.088388442993164,11.700323104858398,7.816532611846924,1.2718558311462402,0.0019207197474315,0.2393466558331917,0.2393466558331917,,WRKY
10081,MA0581.2,LEC2,6,8.07317066192627,11.244871139526367,6.89823579788208,1.1749348640441897,0.0072865919210016,0.3947066498585872,0.3947066498585872,,B3
10116,MA2408.1,BAD1,12,2.292402744293213,11.91012954711914,0.2504527866840362,2.041949987411499,8.077606617007405e-05,0.0448066714038998,0.0448066714038998,,
10165,MA1062.3,TCP15,11,4.169557094573975,19.171785354614254,2.216891050338745,1.9526660442352295,0.0002122730656992,0.0797808143726845,0.0797808143726845,,
10184,MA1159.2,SGR5,13,12.199013710021973,17.762680053710938,10.57185173034668,1.627161979675293,0.0002459390670992,0.0853616619495627,0.0853616619495627,,
10216,MA0565.3,FUS3,7,7.492778778076172,13.831615447998049,6.267855167388916,1.224923610687256,0.0064233690500259,0.3760364652063717,0.3760364652063717,,
10299,MA1681.2,SRM1,9,10.79829216003418,15.339802742004396,9.269872665405272,1.5284194946289062,3.718913285410963e-05,0.0277196777292206,0.0277196777292206,,
10351,MA1024.2,HAT1,8,10.944628715515137,13.87102222442627,9.79753875732422,1.147089958190918,0.0026304540224373,0.2745816299660403,0.2745816299660403,,
10365,MA1810.2,GLYMA-08G357600,9,8.469342231750488,14.330734252929688,7.357784748077393,1.1115574836730957,0.0002550064236856,0.0872295344477287,0.0872295344477287,,
10397,MA2043.2,NAC004,7,11.129253387451172,13.057305335998535,10.435553550720217,0.693699836730957,0.011220458894968,0.4608402760433299,0.4608402760433299,,NAC
10411,MA2446.1,SPL5A,13,4.906350612640381,10.54886531829834,3.073164224624634,1.833186388015747,2.718290659231571e-07,0.0016832492159087,0.0016832492159087,,SBP
10437,MA1354.1,AT4G12670,29,-14.648392677307127,8.65555191040039,-17.452245712280273,2.8038530349731445,0.0088321957737207,0.4209553783725288,0.4209553783725288,,
10465,MA1759.2,HSFA4A,14,9.61501693725586,18.909473419189453,8.172707557678223,1.4423093795776367,0.0001637802779441,0.0667069220108173,0.0667069220108173,,
10479,MA2052.2,ZAT6,8,11.106179237365724,14.611624717712402,9.876296043395996,1.2298831939697266,1.848944157245569e-05,0.0178016269716004,0.0178016269716004,,
10509,MA1403.1,BPC5,30,-18.596715927124023,58.6850700378418,-35.49623107910156,16.89951515197754,4.5709200313659437e-10,1.5769674108212506e-05,1.5769674108212506e-05,,BBR-BPC
10552,MA1734.1,AT1G19040,16,6.306408882141113,15.383333206176758,4.513911724090576,1.792497158050537,0.0008810121798887,0.169263676565745,0.169263676565745,AT1G19040,NAC
10621,MA1324.1,GATA20,8,8.48060131072998,14.51152229309082,7.161594867706299,1.3190064430236816,0.0035088446456938,0.3026331075733499,0.3026331075733499,,
10625,MA2411.1,ZmbZIP57,10,9.984031677246094,17.888229370117188,8.65365219116211,1.3303794860839844,0.0005484508583322,0.1312694571726762,0.1312694571726762,,
10627,MA1196.2,AT5G05790,14,11.959161758422852,16.934986114501953,10.618331909179688,1.340829849243164,0.0004717333940789,0.1212690621191352,0.1212690621191352,AT5G05790,MYB
10637,MA0034.2,Gam1,8,9.343790054321287,12.035465240478516,8.772758483886719,0.5710315704345703,0.0060019339434802,0.3670466060649484,0.3670466060649484,,
10680,MA2433.1,SPL15D,10,6.984065055847168,14.92185115814209,5.938663005828857,1.0454020500183103,0.0009371154010295,0.1734258077139484,0.1734258077139484,,SBP
10842,MA2017.2,JUB1,7,8.94946002960205,12.589529991149902,6.567045211791992,2.3824148178100586,2.1802621930078203e-09,5.265333196113886e-05,5.265333196113886e-05,,NAC
10843,MA1356.1,TRP2,21,3.094510078430176,20.54797744750977,-0.4776671528816223,3.5721771717071533,0.0001350528182229,0.0595168897825383,0.0595168897825383,,
10864,MA1092.2,WRKY63,6,9.2007417678833,11.700323104858398,7.816532611846924,1.384209156036377,0.0005098983529023,0.1265575048570661,0.1265575048570661,,WRKY
10878,MA2441.1,SPL3A,12,6.765584945678711,10.15500259399414,5.9585185050964355,0.8070664405822754,0.0031572566367685,0.2911023671244915,0.2911023671244915,,SBP
10897,MA1354.1,AT4G12670,29,-13.063956260681152,44.14851760864258,-17.452245712280273,4.388289451599121,0.0019775442779064,0.2418111104376708,0.2418111104376708,,
10954,MA2017.2,JUB1,7,8.724037170410156,12.589529991149902,6.567045211791992,2.156991958618164,1.3678695154339948e-07,0.001032314024929,0.001032314024929,,NAC
10983,MA2447.1,SPL5B,7,8.927188873291016,13.124711036682127,6.372147560119629,2.5550413131713867,0.000111501693027,0.0530948861363439,0.0530948861363439,,SBP
11096,MA1400.2,AT1G19000,13,9.504581451416016,15.772256851196287,8.20058822631836,1.3039932250976562,0.000399609998567,0.1122160635510903,0.1122160635510903,AT1G19000,MYB_related
11118,MA1086.2,WRKY43,6,9.045055389404297,9.795639038085938,8.619662284851074,0.4253931045532226,0.0010766973719,0.186663614726396,0.186663614726396,,WRKY
11119,MA2030.2,MYB96,11,10.076452255249023,15.732500076293944,8.256855010986328,1.819597244262695,1.6376798157580197e-05,0.0169526058725826,0.0169526058725826,,MYB
11123,MA1815.2,GRF4,8,8.881156921386719,14.563743591308594,7.58900260925293,1.292154312133789,0.0010291170328855,0.181941261670469,0.181941261670469,,GRF
11187,MA2443.1,SPL3D,13,4.454614162445068,17.335060119628906,2.97943377494812,1.4751803874969482,0.0006816096138209,0.1471034153152367,0.1471034153152367,,SBP
11197,MA0555.2,SVP,16,11.059103965759276,15.980356216430664,9.892203330993652,1.166900634765625,0.0007643135613761,0.1568238955584949,0.1568238955584949,,
11219,MA1742.2,BZIP18,10,8.214183807373047,15.958587646484377,6.268093585968018,1.9460902214050293,0.0002070894552161,0.0785119363182265,0.0785119363182265,,
11223,MA0581.2,LEC2,6,8.035204887390137,11.244871139526367,6.89823579788208,1.1369690895080566,0.0051935291849076,0.3467617633826938,0.3467617633826938,,B3
11303,MA2374.1,AHL13,8,11.128745079040527,12.574155807495115,10.295896530151367,0.8328485488891602,5.54175567231141e-05,0.0355939892250852,0.0355939892250852,,AT-hook
11411,MA1320.2,SPL15,8,5.073669910430908,15.27682399749756,3.4798262119293213,1.593843698501587,0.000919290469028,0.1724096036923583,0.1724096036923583,,SBP
11468,MA1678.3,NTL8,8,12.001653671264648,14.60810375213623,10.73943328857422,1.2622203826904297,8.013402293727268e-06,0.0114820351301156,0.0114820351301156,,NAC
11512,MA1775.2,MYB61,8,9.66342830657959,12.97939682006836,8.540273666381836,1.123154640197754,0.0026092992629855,0.2739764226134866,0.2739764226134866,,MYB
11526,MA1691.2,ARF27,8,9.228652954101562,14.42937469482422,8.314800262451172,0.9138526916503906,0.0011122844880446,0.1897010620499929,0.1897010620499929,,
11562,MA2410.1,ZmbZIP54,8,7.625364780426025,14.738761901855469,6.559193134307861,1.066171646118164,0.0026544753927737,0.2757229278945634,0.2757229278945634,,
11640,MA2029.2,MYB88,9,6.961371421813965,13.174087524414062,5.055363178253174,1.906008243560791,3.255054252804257e-05,0.0257146428173282,0.0257146428173282,,MYB
11664,MA1343.2,BZIP52,8,8.430551528930664,13.502045631408691,6.848265171051025,1.582286357879639,0.0001570245221955,0.0648229437781712,0.0648229437781712,,
11671,MA2018.2,NAC69,8,10.035319328308104,14.505281448364258,9.101751327514648,0.933568000793457,0.0007717471453361,0.1576793025369486,0.1576793025369486,,NAC
11678,MA2446.1,SPL5A,13,3.999390602111816,12.219362258911133,3.073164224624634,0.9262263774871826,0.0029999639373272,0.2856111923209914,0.2856111923209914,,SBP
11785,MA1400.2,AT1G19000,13,9.29485321044922,17.063980102539062,8.20058822631836,1.0942649841308594,0.0039335824549198,0.3153861638954805,0.3153861638954805,AT1G19000,MYB_related
11823,MA1403.1,BPC5,30,-18.2330322265625,53.808876037597656,-35.49623107910156,17.263198852539062,9.538317691237808e-09,0.0001645359801738,0.0001645359801738,,BBR-BPC
11833,MA1690.2,ARF25,12,7.741821765899658,13.620357513427734,6.538341045379639,1.2034807205200195,0.0011118968250229,0.1897010620499929,0.1897010620499929,,
11880,MA1312.2,WRKY47,9,8.858797073364258,15.09657859802246,7.406155109405518,1.4526419639587402,0.0003639526839833,0.1073642473411149,0.1073642473411149,,WRKY
11884,MA1733.2,ASR3,9,9.73726749420166,13.260799407958984,8.954421043395996,0.7828464508056641,0.0013710324419662,0.2087890016661735,0.2087890016661735,,
11903,MA2441.1,SPL3A,12,7.42434024810791,15.333910942077637,5.9585185050964355,1.4658217430114746,0.0004098361823707,0.113373926738309,0.113373926738309,,SBP
11918,MA1384.1,PHL7,13,9.300963401794434,19.65265464782715,7.536696910858154,1.7642664909362793,0.0003585807571653,0.1065156861690364,0.1065156861690364,,
12011,MA1354.1,AT4G12670,29,-13.19719123840332,46.94255828857422,-17.452245712280273,4.255054473876953,0.0003955882857553,0.1116058072545805,0.1116058072545805,,
12019,MA1831.2,Zm00001d031796,10,7.934049606323242,14.301199913024902,5.573489189147949,2.360560417175293,7.960973675835703e-07,0.0033729388468672,0.0033729388468672,,
12044,MA1398.3,KUA1,8,9.845171928405762,14.082117080688477,8.915289878845215,0.9298820495605468,0.0028048362582921,0.2798276338576255,0.2798276338576255,,
12140,MA1402.1,BPC6,21,9.79523468017578,38.259864807128906,1.0449917316436768,8.750243186950684,5.547286718865507e-07,0.002679339485212,0.002679339485212,,BBR-BPC
12148,MA1815.2,GRF4,8,9.357858657836914,14.563743591308594,7.58900260925293,1.7688560485839844,0.0002038558741332,0.0775294387451827,0.0775294387451827,,GRF
12172,MA1819.2,Zm00001d005892,8,8.053411483764648,14.69931411743164,4.878450393676758,3.17496109008789,4.959091270961835e-08,0.0005988102709686,0.0005988102709686,,
12219,MA1789.1,NAC071,15,9.385381698608398,16.569931030273438,7.827690124511719,1.5576915740966797,0.0018168679671362,0.2336760033695652,0.2336760033695652,,NAC
